symbol,company_name,market_cap_category,price,market_cap,revenue_ttm,net_income_ttm,eps_ttm,pe_ratio,forward_pe,volume,open,previous_close,beta,industry,sector,days_range_min,days_range_max,fifty_two_week_range_min,fifty_two_week_range_max
AAPL,Apple Inc.,Mega-Cap,244.6,3670000000000.0,395760000000.0,96150000000.0,6.28,38.95,32.44,40145605.0,241.07,241.53,1.2,Consumer Electronics,Technology,241.0,245.41,164.08,260.1
NVDA,NVIDIA Corporation,Mega-Cap,138.85,3400000000000.0,113270000000.0,63070000000.0,2.53,54.83,35.42,194448420.0,136.41,135.29,1.62,Semiconductors,Technology,135.5,139.19,66.25,153.13
MSFT,Microsoft Corporation,Mega-Cap,408.43,3040000000000.0,261800000000.0,92750000000.0,12.41,32.91,29.58,21799548.0,407.65,410.54,0.89,Software - Infrastructure,Technology,405.9,408.83,385.58,468.35
AMZN,"Amazon.com, Inc.",Mega-Cap,228.68,2420000000000.0,637960000000.0,59250000000.0,5.53,41.35,36.17,26365555.0,229.22,230.37,1.16,Internet Retail,Consumer Discretionary,227.23,229.79,151.61,242.52
GOOGL,Alphabet Inc.,Mega-Cap,185.23,2260000000000.0,350020000000.0,100120000000.0,8.04,23.03,20.61,20390327.0,185.05,186.14,0.99,Internet Content & Information,Communication Services,184.32,186.4,130.67,207.05
META,"Meta Platforms, Inc.",Mega-Cap,736.67,1870000000000.0,164500000000.0,62360000000.0,23.86,30.87,29.19,16839183.0,726.22,728.56,1.2,Internet Content & Information,Communication Services,725.62,740.89,414.5,740.89
TSLA,"Tesla, Inc.",Mega-Cap,355.84,1140000000000.0,97690000000.0,7130000000.0,2.04,174.43,124.21,67898313.0,360.62,355.94,2.34,Auto Manufacturers,Consumer Discretionary,347.5,361.99,138.8,488.54
AVGO,Broadcom Inc.,Mega-Cap,233.04,1090000000000.0001,51570000000.0,5900000000.0,1.23,180.65,36.66,16850658.0,234.79,235.8,1.04,Semiconductors,Technology,228.9,235.71,119.76,251.88
BRK.B,Berkshire Hathaway Inc.,Mega-Cap,479.59,1030000000000.0,369890000000.0,106880000000.0,49.52,9.68,25.55,2026859.0,481.47,480.49,0.87,Insurance - Diversified,Financials,479.46,484.54,395.66,491.67
TSM,Taiwan Semiconductor Manufacturing Company Limited,Mega-Cap,203.9,860090000000.0,88290000000.0,35790000000.0,1.38,24.03,18.09,22905373.0,199.98,201.83,1.23,Semiconductors,Technology,197.47,206.25,122.91,226.4
WMT,Walmart Inc.,Mega-Cap,104.04,835790000000.0,673820000000.0,19680000000.0,2.42,42.99,39.17,11343943.0,105.3,105.05,0.55,Discount Stores,Consumer Staples,103.6,105.3,56.43,105.3
JPM,JPMorgan Chase & Co.,Mega-Cap,276.59,773370000000.0,166780000000.0,56870000000.0,19.75,14.0,15.12,4311648.0,277.37,276.32,1.11,Banks - Diversified,Financials,276.46,279.23,178.16,279.23
LLY,Eli Lilly and Company,Mega-Cap,844.27,760210000000.0,45040000000.0,10590000000.0,11.71,72.1,36.52,2627936.0,869.1,871.86,0.41,Drug Manufacturers - General,Healthcare,841.57,873.37,711.4,972.53
V,Visa Inc.,Mega-Cap,353.81,691190000000.0,36800000000.0,19710000000.0,9.92,35.68,30.39,4218894.0,354.43,355.63,0.97,Credit Services,Financials,353.22,355.43,252.7,356.08
MA,Mastercard Incorporated,Mega-Cap,564.76,516090000000.00006,28170000000.0,12870000000.0,13.89,40.66,35.45,1347961.0,566.01,566.31,1.1,Credit Services,Financials,564.13,569.24,428.86,576.94
ORCL,Oracle Corporation,Mega-Cap,174.16,487120000000.0,54930000000.0,11620000000.0,4.09,42.57,26.94,4629755.0,174.25,173.86,1.05,Software - Infrastructure,Technology,172.81,175.03,106.51,198.31
UNH,UnitedHealth Group Incorporated,Mega-Cap,523.51,481780000000.0,400280000000.0,14410000000.0,15.51,33.76,17.58,1960922.0,529.0,531.18,0.62,Healthcare Plans,Healthcare,522.91,533.2,436.38,630.73
COST,Costco Wholesale Corporation,Mega-Cap,1071.85,475790000000.0,258810000000.0,7580000000.0,17.02,62.98,57.93,1406999.0,1076.48,1076.86,0.83,Discount Stores,Consumer Staples,1068.01,1077.49,697.27,1078.23
XOM,Exxon Mobil Corporation,Mega-Cap,108.24,471170000000.0,343390000000.0,33680000000.0,7.84,13.81,14.93,11252041.0,108.52,108.13,0.88,Oil & Gas Integrated,Energy,108.1,110.23,102.65,126.34
NFLX,"Netflix, Inc.",Mega-Cap,1058.6,452820000000.0,39000000000.0,8710000000.0,19.83,53.38,42.58,3125806.0,1045.0,1043.69,1.27,Entertainment,Communication Services,1041.69,1064.49,542.01,1064.49
HD,"The Home Depot, Inc.",Mega-Cap,409.5,406780000000.0,154600000000.0,14610000000.0,14.72,27.82,26.24,2023938.0,415.0,412.43,1.06,Home Improvement Retail,Consumer Discretionary,408.56,418.0,323.77,439.37
PG,The Procter & Gamble Company,Mega-Cap,162.89,381950000000.0,84350000000.0,15190000000.0,6.27,25.96,22.85,10710680.0,169.79,171.02,0.44,Household & Personal Products,Consumer Staples,162.3,169.93,153.52,180.43
JNJ,Johnson & Johnson,Mega-Cap,156.15,375950000000.0,88820000000.0,14070000000.0,5.79,26.97,14.81,6374257.0,157.29,157.25,0.51,Drug Manufacturers - General,Healthcare,156.06,157.47,140.68,168.85
BAC,Bank of America Corporation,Mega-Cap,46.96,357410000000.0,96070000000.0,25500000000.0,3.21,14.63,12.73,20474425.0,46.48,46.33,1.34,Banks - Diversified,Financials,46.48,47.09,32.49,48.08
NVO,Novo Nordisk A/S,Mega-Cap,77.87,355190000000.0,40310000000.0,14020000000.0,3.14,25.34,20.43,9860416.0,78.58,78.83,0.17,Drug Manufacturers - General,Healthcare,77.82,79.07,77.82,148.15
SAP,SAP SE,Mega-Cap,290.69,341460000000.0,35380000000.0,3230000000.0,2.74,105.58,44.35,783839.0,291.88,293.69,0.89,Software - Application,Technology,289.92,292.03,174.88,293.7
ABBV,AbbVie Inc.,Mega-Cap,192.87,340480000000.0,56330000000.0,4240000000.0,2.39,80.7,15.73,3973852.0,193.95,193.45,0.56,Drug Manufacturers - General,Healthcare,192.78,195.18,153.58,207.32
CRM,"Salesforce, Inc.",Mega-Cap,326.54,312500000000.0,37190000000.0,5940000000.0,6.07,53.78,30.28,5873816.0,328.03,329.85,1.31,Software - Application,Technology,322.62,328.5,212.0,369.0
TMUS,"T-Mobile US, Inc.",Mega-Cap,270.82,309200000000.0,81400000000.0,11340000000.0,9.66,28.03,25.41,4823396.0,266.69,265.08,0.55,Telecom Services,Communication Services,264.4,271.41,158.84,271.41
ASML,ASML Holding N.V.,Mega-Cap,751.55,300360000000.0,29260000000.0,7840000000.0,19.92,38.32,30.75,2042952.0,777.89,776.99,1.08,Semiconductor Equipment & Materials,Technology,748.7,778.33,645.45,1110.09
KO,The Coca-Cola Company,Mega-Cap,68.87,296280000000.0,47060000000.0,10630000000.0,2.46,28.0,23.25,20765499.0,69.37,69.5,0.62,Beverages - Non-Alcoholic,Consumer Staples,68.76,70.03,57.93,73.53
BABA,Alibaba Group Holding Limited,Mega-Cap,124.73,281920000000.0,137139999999.99998,12240000000.0,4.94,25.27,13.72,52086273.0,126.59,119.54,0.31,Internet Retail,Consumer Discretionary,120.5,126.8,68.36,126.8
CVX,Chevron Corporation,Mega-Cap,155.34,279160000000.0,198200000000.0,17660000000.0,9.72,15.98,14.89,4364138.0,155.08,155.88,1.1,Oil & Gas Integrated,Energy,154.88,157.45,135.37,167.11
PLTR,Palantir Technologies Inc.,Mega-Cap,119.16,271450000000.0,2870000000.0,462190000.0,0.19,587.31,215.66,64951375.0,117.87,117.91,2.81,Software - Infrastructure,Technology,116.81,120.67,20.33,120.67
WFC,Wells Fargo & Company,Mega-Cap,79.98,263050000000.0,77960000000.0,18610000000.0,5.37,14.89,13.59,17515959.0,79.23,78.85,1.18,Banks - Diversified,Financials,78.9,80.34,50.15,81.5
CSCO,"Cisco Systems, Inc.",Mega-Cap,64.87,258360000000.0,54180000000.0,9190000000.0,2.28,28.5,17.01,23678733.0,63.81,63.84,0.83,Communication Equipment,Technology,63.44,65.07,44.5,66.5
ACN,Accenture plc,Mega-Cap,388.0,242690000000.0,66360000000.0,7570000000.0,11.93,32.53,29.99,2022688.0,390.0,389.53,1.23,Information Technology Services,Technology,387.43,391.0,278.69,398.35
IBM,International Business Machines Corporation,Mega-Cap,261.28,241590000000.0,62750000000.0,6020000000.0,6.43,40.7,24.37,3921620.0,259.0,259.19,0.75,Information Technology Services,Technology,258.0,261.94,162.62,265.72
TM,Toyota Motor Corporation,Mega-Cap,184.24,238570000000.0,297330000000.0,32430000000.0,2.43,7.36,,231439.0,185.0,184.01,0.34,Auto Manufacturers,Consumer Discretionary,183.46,185.74,159.04,255.23
PM,Philip Morris International Inc.,Mega-Cap,150.46,233940000000.0,37880000000.0,7030000000.0,4.52,33.29,21.11,3852961.0,148.76,149.18,0.57,Tobacco,Consumer Staples,148.15,151.22,87.82,151.22
AZN,AstraZeneca PLC,Mega-Cap,73.58,228920000000.0,54070000000.0,7040000000.0,4.5,32.54,16.5,5192073.0,74.34,74.45,0.2,Drug Manufacturers - General,Healthcare,73.45,74.58,62.75,87.68
ABT,Abbott Laboratories,Mega-Cap,130.61,226540000000.0,41950000000.0,13400000000.0,7.64,17.1,25.34,3719680.0,132.33,131.79,0.74,Medical Devices,Healthcare,130.53,132.65,99.71,132.65
GE,General Electric Company,Mega-Cap,208.27,223530000000.0,38700000000.0,6560000000.0,5.99,34.29,38.42,4266885.0,208.66,208.36,1.22,Aerospace & Defense,Industrials,204.97,209.16,117.85,211.42
MS,Morgan Stanley,Mega-Cap,138.95,223290000000.0,61500000000.0,12800000000.0,7.95,17.48,16.16,5042680.0,136.45,136.84,1.36,Capital Markets,Financials,136.45,139.58,84.43,142.03
MCD,McDonald's Corporation,Mega-Cap,308.55,221110000000.0,25920000000.0,8220000000.000001,11.39,27.09,25.02,1735802.0,310.2,310.02,0.74,Restaurants,Consumer Discretionary,307.78,311.0,243.53,317.9
AXP,American Express Company,Mega-Cap,311.04,218520000000.0,60760000000.0,10000000000.0,14.01,22.2,20.33,1358328.0,307.43,307.5,1.24,Credit Services,Financials,307.42,311.85,209.1,326.27
LIN,Linde plc,Mega-Cap,457.0,217600000000.0,33009999999.999996,6570000000.0,13.62,33.55,27.66,1693709.0,461.05,461.05,0.95,Specialty Chemicals,Materials,456.7,464.1,410.69,487.49
GS,"The Goldman Sachs Group, Inc.",Mega-Cap,660.55,216230000000.0,52160000000.0,13530000000.0,40.54,16.29,14.23,1995887.0,650.32,648.95,1.39,Capital Markets,Financials,650.32,663.19,380.85,663.87
ISRG,"Intuitive Surgical, Inc.",Mega-Cap,595.55,212410000000.0,8350000000.0,2320000000.0,6.42,92.76,73.92,1172775.0,593.26,591.39,1.39,Medical Instruments & Supplies,Healthcare,588.52,599.26,364.17,616.0
MRK,"Merck & Co., Inc.",Mega-Cap,83.01,209990000000.0,64170000000.0,17120000000.000002,6.74,12.32,9.23,21457625.0,84.42,84.42,0.4,Drug Manufacturers - General,Healthcare,82.09,84.76,82.09,134.63
DIS,The Walt Disney Company,Large-Cap,110.38,199540000000.0,92500000000.0,5620000000.0,3.07,35.9,20.38,5948323.0,109.86,109.59,1.43,Entertainment,Communication Services,109.59,110.5,83.91,123.74
PEP,"PepsiCo, Inc.",Large-Cap,143.39,196730000000.0,91850000000.0,9580000000.0,6.95,20.63,17.29,4974351.0,144.32,144.58,0.55,Beverages - Non-Alcoholic,Consumer Staples,143.36,146.16,141.51,183.41
HSBC,HSBC Holdings plc,Large-Cap,55.09,195350000000.0,57970000000.0,22570000000.0,1.2,8.66,8.57,1123371.0,55.02,55.19,0.5,Banks - Diversified,Financials,54.91,55.28,36.93,55.36
QCOM,QUALCOMM Incorporated,Large-Cap,172.23,190380000000.0,40700000000.0,10560000000.0,9.33,18.59,14.73,4681407.0,172.6,172.15,1.26,Semiconductors,Technology,171.05,172.82,148.9,230.63
T,AT&T Inc.,Large-Cap,25.87,185700000000.0,122340000000.0,10750000000.0,1.49,17.36,12.15,31438834.0,25.67,25.63,0.73,Telecom Services,Communication Services,25.6,25.93,15.94,25.93
AMD,"Advanced Micro Devices, Inc.",Large-Cap,113.1,183280000000.0,25790000000.0,1640000000.0,1.0,113.1,23.91,32130107.0,112.5,111.81,1.65,Semiconductors,Technology,111.7,114.63,106.5,227.3
APP,AppLovin Corporation,Large-Cap,510.13,173470000000.0,4710000000.0,1580000000.0,4.53,112.5,80.09,11242826.0,473.63,471.67,2.3,Software - Application,Technology,462.8,516.99,54.5,525.15
VZ,Verizon Communications Inc.,Large-Cap,40.99,172560000000.0,134789999999.99998,17510000000.0,4.14,9.9,8.77,10131323.0,41.14,41.04,0.44,Telecom Services,Communication Services,40.94,41.29,37.59,45.36
PDD,PDD Holdings Inc.,Large-Cap,124.16,172430000000.0,53050000000.0,15430000000.0,10.49,11.83,10.91,11768903.0,125.23,121.54,0.66,Internet Retail,Consumer Discretionary,122.4,126.75,88.01,164.69
CAT,Caterpillar Inc.,Large-Cap,353.32,168860000000.0,64810000000.0,10790000000.0,22.05,16.02,17.22,1625151.0,356.6,353.7,1.11,Farm & Heavy Construction Machinery,Industrials,352.8,358.88,307.05,418.5
RY,Royal Bank of Canada,Large-Cap,119.04,168450000000.0,38830000000.0,11420000000.0,8.07,14.76,13.07,1492665.0,119.79,119.31,0.83,Banks - Diversified,Financials,118.93,120.09,95.84,128.05
ARM,Arm Holdings plc,Large-Cap,159.54,168160000000.0,3690000000.0,806000000.0,0.76,210.59,81.98,6056066.0,160.17,164.83,,Semiconductors,Technology,156.12,161.34,85.61,188.75
BKNG,Booking Holdings Inc.,Large-Cap,5044.4,166950000000.0,23050000000.0,5040000000.0,145.91,34.57,25.03,198753.0,5085.44,5008.7,1.39,Travel Services,Consumer Discretionary,4975.54,5085.44,3180.0,5337.24
TXN,Texas Instruments Incorporated,Large-Cap,183.03,166620000000.0,15640000000.0,4780000000.0,5.2,35.2,32.49,4087007.0,181.65,180.8,0.96,Semiconductors,Technology,181.06,184.72,159.11,220.39
SHOP,Shopify Inc.,Large-Cap,128.35,166190000000.0,8880000000.0,2020000000.0,1.55,82.81,85.26,8177467.0,125.76,127.65,2.47,Software - Application,Technology,123.88,128.57,48.56,128.57
SPGI,S&P Global Inc.,Large-Cap,539.69,166120000000.0,14210000000.0,3850000000.0,12.35,43.7,31.42,973324.0,544.23,542.32,1.2,Financial Data & Stock Exchanges,Financials,538.92,545.39,407.69,545.39
UBER,"Uber Technologies, Inc.",Large-Cap,79.42,165910000000.0,43980000000.0,9860000000.0,4.56,17.42,32.7,12796153.0,80.35,80.29,1.39,Software - Application,Technology,78.87,80.35,54.84,87.0
INTU,Intuit Inc.,Large-Cap,587.38,164420000000.0,16590000000.0,2920000000.0,10.28,57.14,29.77,1346542.0,584.69,583.9,1.24,Software - Application,Technology,580.84,591.39,557.29,714.78
RTX,RTX Corporation,Large-Cap,122.41,163070000000.0,80740000000.0,4770000000.0,3.55,34.48,19.96,7713919.0,125.45,125.84,0.55,Aerospace & Defense,Industrials,121.38,125.45,88.9,132.43
C,Citigroup Inc.,Large-Cap,84.61,158820000000.0,71360000000.0,11460000000.0,5.94,14.23,11.25,12682260.0,82.41,82.1,1.43,Banks - Diversified,Financials,82.23,84.67,53.51,84.67
AMGN,Amgen Inc.,Large-Cap,291.16,156410000000.0,33420000000.0,4090000000.0,7.56,38.51,14.1,2161239.0,294.75,296.97,0.56,Drug Manufacturers - General,Healthcare,290.46,295.16,253.3,346.85
BSX,Boston Scientific Corporation,Large-Cap,106.11,156390000000.0,16750000000.0,1850000000.0,1.25,84.89,37.18,2970587.0,106.1,106.14,0.81,Medical Devices,Healthcare,105.79,106.72,65.33,107.17
PGR,The Progressive Corporation,Large-Cap,262.6,153830000000.0,75340000000.0,8460000000.000001,14.4,18.24,18.36,2852098.0,261.29,262.13,0.42,Insurance - Property & Casualty,Financials,260.52,264.35,186.94,270.62
SONY,Sony Group Corporation,Large-Cap,24.14,153510000000.0,87820000000.0,7210000000.0,1.18,21.3,,5032226.0,24.11,23.19,0.81,Consumer Electronics,Technology,23.94,24.25,15.02,24.25
HDB,HDFC Bank Limited,Large-Cap,60.23,151660000000.0,31580000000.0,8130000000.000001,1.06,18.65,18.12,2208645.0,60.23,60.17,0.84,Banks - Regional,Financials,60.03,60.49,53.0,68.5
BLK,"BlackRock, Inc.",Large-Cap,973.92,150840000000.0,20410000000.0,6370000000.0,42.01,23.18,20.53,964065.0,975.0,980.3,1.3,Asset Management,Financials,968.38,978.65,745.55,1084.22
MUFG,"Mitsubishi UFJ Financial Group, Inc.",Large-Cap,12.81,150830000000.0,39430000000.0,11320000000.0,0.96,13.33,,2101186.0,12.71,12.59,0.51,Banks - Diversified,Financials,12.69,12.86,8.75,12.96
UNP,Union Pacific Corporation,Large-Cap,249.22,150600000000.0,24250000000.0,6750000000.0,11.09,22.47,20.77,1696285.0,251.49,250.97,1.06,Railroads,Industrials,249.1,253.2,218.55,258.66
DHR,Danaher Corporation,Large-Cap,206.3,148350000000.0,23880000000.0,3900000000.0,5.29,39.0,26.9,4265379.0,204.1,203.59,0.86,Diagnostics & Research,Healthcare,204.1,207.15,196.8,281.7
SCHW,The Charles Schwab Corporation,Large-Cap,80.34,147190000000.0,19610000000.0,5480000000.0,2.99,26.87,19.19,9582784.0,81.55,81.57,0.99,Capital Markets,Financials,80.05,81.75,61.01,84.5
SYK,Stryker Corporation,Large-Cap,385.18,146980000000.0,22600000000.0,2990000000.0,7.76,49.64,28.5,1267645.0,390.03,388.37,0.96,Medical Devices,Healthcare,384.5,391.49,314.93,406.19
PFE,Pfizer Inc.,Large-Cap,25.53,144680000000.0,63630000000.0,8029999999.999999,1.41,18.11,8.64,32681900.0,25.73,25.64,0.57,Drug Manufacturers - General,Healthcare,25.47,25.83,24.48,31.54
LOW,"Lowe's Companies, Inc.",Large-Cap,251.79,142170000000.0,83720000000.0,6840000000.0,11.98,21.02,20.61,1762881.0,254.5,252.66,1.11,Home Improvement Retail,Consumer Discretionary,251.26,256.42,211.8,287.01
NEE,"NextEra Energy, Inc.",Large-Cap,68.06,140000000000.0,24750000000.0,6950000000.0,3.37,20.2,18.54,10294272.0,68.6,68.6,0.58,Utilities - Regulated Electric,Utilities,67.88,69.02,53.95,86.1
TJX,"The TJX Companies, Inc.",Large-Cap,124.34,139780000000.0,56420000000.0,4870000000.0,4.24,29.31,27.84,3426025.0,126.55,125.85,0.91,Apparel Retail,Consumer Discretionary,123.35,126.75,92.35,128.0
TTE,TotalEnergies SE,Large-Cap,61.41,139050000000.0,195610000000.0,15760000000.0,6.69,8.82,7.83,1030006.0,61.94,61.06,0.73,Oil & Gas Integrated,Energy,61.29,62.35,53.29,74.97
BA,The Boeing Company,Large-Cap,184.42,138330000000.0,66519999999.99999,-11880000000.0,-18.36,,,4108256.0,186.75,185.44,1.52,Aerospace & Defense,Industrials,183.58,186.82,137.03,208.1
AMAT,"Applied Materials, Inc.",Large-Cap,169.2,137510000000.0,27640000000.0,6340000000.0,7.66,22.1,18.09,12251482.0,174.71,184.27,1.52,Semiconductor Equipment & Materials,Technology,168.63,176.0,158.96,255.89
UL,Unilever PLC,Large-Cap,54.89,136770000000.00002,62910000000.0,5950000000.0,2.37,23.0,16.89,2384526.0,55.69,55.96,0.26,Household & Personal Products,Consumer Staples,54.88,55.78,46.46,65.87
SNY,Sanofi,Large-Cap,54.5,136550000000.00002,45850000000.0,5760000000.0,4.6,23.72,12.81,1288339.0,54.77,53.99,0.45,Drug Manufacturers - General,Healthcare,54.05,54.77,45.22,58.97
ANET,Arista Networks Inc,Large-Cap,106.87,134630000000.0,6610000000.0,2660000000.0,2.08,51.33,45.11,10550772.0,109.05,109.75,1.09,Computer Hardware,Technology,106.32,109.05,60.08,133.58
CMCSA,Comcast Corporation,Large-Cap,35.39,133810000000.0,123730000000.0,16190000000.000002,4.14,8.55,8.28,17706676.0,35.43,35.38,1.0,Telecom Services,Communication Services,35.29,35.62,32.5,45.31
PANW,"Palo Alto Networks, Inc.",Large-Cap,200.03,132440000000.0,8570000000.0,1250000000.0,1.77,112.9,58.91,13794164.0,192.0,201.88,1.14,Software - Infrastructure,Technology,188.76,201.33,130.05,207.24
HON,Honeywell International Inc.,Large-Cap,202.75,131840000000.0,38500000000.0,5710000000.0,8.71,23.28,19.59,5334169.0,204.85,205.27,1.05,Conglomerates,Industrials,201.54,205.14,189.75,242.77
BHP,BHP Group Limited,Large-Cap,51.55,131770000000.00002,56030000000.0,7900000000.0,1.56,16.69,12.17,2832236.0,52.48,51.83,0.86,Other Industrial Metals & Mining,Materials,51.53,52.52,48.06,63.21
FI,"Fiserv, Inc.",Large-Cap,230.6,131190000000.0,20460000000.0,3130000000.0,5.38,42.87,22.53,2103730.0,230.95,229.87,0.95,Information Technology Services,Technology,230.0,232.65,145.98,233.26
DE,Deere & Company,Large-Cap,480.22,130789999999.99998,47860000000.0,6220000000.0,22.61,21.24,24.63,1919131.0,469.9,466.22,0.99,Farm & Heavy Construction Machinery,Industrials,467.1,481.14,340.2,485.84
SPOT,Spotify Technology S.A.,Large-Cap,638.18,130090000000.0,16230000000.0,1180000000.0,5.69,112.08,59.54,2119844.0,643.76,648.32,1.63,Internet Content & Information,Communication Services,626.1,648.0,239.66,652.63
GILD,"Gilead Sciences, Inc.",Large-Cap,104.08,129710000000.00002,28750000000.0,480000000.0,0.38,273.89,13.14,6302156.0,105.8,105.96,0.2,Drug Manufacturers - General,Healthcare,103.92,106.69,62.07,106.69
SBUX,Starbucks Corporation,Large-Cap,112.55,127850000000.0,36150000000.0,3520000000.0,3.1,36.31,36.23,8722908.0,112.82,113.0,0.99,Restaurants,Consumer Discretionary,112.03,113.47,71.55,113.47
DSGX,The Descartes Systems Group Inc.,Mid-Cap,116.54,9970000000.0,631760000.0,137740000.0,1.58,72.41,50.46,170798.0,,,0.75,Software - Application,Technology,115.95,117.35,84.12,124.31
VFC,V.F. Corporation,Mid-Cap,25.59,9970000000.0,10150000000.0,-457240000.0,-1.18,,25.57,4161322.0,,,1.48,Apparel Manufacturing,Consumer Discretionary,25.06,25.72,11.0,29.02
LCID,"Lucid Group, Inc.",Mid-Cap,3.31,9970000000.0,730510000.0,-3080000000.0,-1.34,,,78927443.0,,,0.94,Auto Manufacturers,Consumer Discretionary,3.27,3.42,1.93,4.43
DOX,Amdocs Limited,Mid-Cap,88.3,9960000000.0,4870000000.0,496370000.0,4.31,20.49,12.22,649610.0,,,0.73,Software - Infrastructure,Technology,87.27,88.31,74.41,94.04
PAC,"Grupo Aeroportuario del Pacífico, S.A.B. de C.V.",Mid-Cap,196.18,9930000000.0,1290000000.0,447390000.0,0.89,22.2,17.81,121563.0,,,0.99,Airports & Air Services,Industrials,195.26,200.7,139.64,204.37
MRNO,Murano Global Investments Plc,Mid-Cap,11.01,9910000000.0,27950000.0,-103950000.0,-0.12,,,2525.0,,,0.3,Real Estate - Development,Real Estate,10.7,11.2,3.6,38.0
LTM,LATAM Airlines Group S.A.,Mid-Cap,32.64,9860000000.0,12830000000.0,976970000.0,0.0,10.09,8.41,221024.0,,,,Airlines,Industrials,32.46,32.88,21.83,32.88
WMS,"Advanced Drainage Systems, Inc.",Mid-Cap,126.93,9850000000.0,2940000000.0,467840000.0,5.98,21.24,20.41,493955.0,,,1.52,Building Products & Equipment,Industrials,125.08,127.73,110.75,184.27
BG,Bunge Global SA,Mid-Cap,70.5,9840000000.0,53110000000.0,1140000000.0,7.99,8.82,8.98,1272785.0,,,0.68,Farm Products,Consumer Staples,69.71,70.96,67.4,114.92
BRBR,"BellRing Brands, Inc.",Mid-Cap,76.68,9840000000.0,2100000000.0,279500000.0,2.12,36.16,33.38,948035.0,,,0.92,Packaged Foods,Consumer Staples,76.48,78.14,48.06,80.67
CR,Crane Company,Mid-Cap,171.49,9810000000.0,2130000000.0,294700000.0,5.05,37.28,31.02,220963.0,,,1.42,Specialty Industrial Machinery,Industrials,168.49,172.27,118.48,188.52
EXEL,"Exelixis, Inc.",Mid-Cap,35.0,9800000000.0,2170000000.0,521270000.0,1.76,19.89,17.3,2757058.0,,,0.53,Biotechnology,Healthcare,34.18,35.29,20.14,37.59
BWXT,"BWX Technologies, Inc.",Mid-Cap,106.83,9770000000.0,2680000000.0,276810000.0,3.02,35.38,32.42,981212.0,,,0.73,Aerospace & Defense,Industrials,105.1,109.26,86.7,136.31
HQY,"HealthEquity, Inc.",Mid-Cap,112.69,9770000000.0,1150000000.0,96700000.0,1.09,103.57,32.35,455842.0,,,0.55,Health Information Services,Healthcare,112.39,114.45,65.01,115.59
MUSA,Murphy USA Inc.,Mid-Cap,486.89,9750000000.0,17910000000.0,502500000.0,24.11,20.19,18.17,218877.0,,,0.79,Specialty Retail,Consumer Discretionary,485.06,497.99,382.04,561.08
KD,"Kyndryl Holdings, Inc.",Mid-Cap,41.79,9720000000.0,15110000000.0,138000000.0,0.59,70.75,21.01,1139899.0,,,1.95,Information Technology Services,Technology,41.25,41.85,19.24,43.61
MASI,Masimo Corporation,Mid-Cap,181.31,9710000000.0,2040000000.0,78600000.0,1.45,125.19,39.15,403562.0,,,1.02,Medical Devices,Healthcare,179.57,181.54,101.61,183.14
CX,"CEMEX, S.A.B. de C.V.",Mid-Cap,6.71,9690000000.0,16200000000.0,938810000.0,0.06,10.32,9.46,5143293.0,,,1.18,Building Materials,Materials,6.59,6.77,5.0,9.27
GLOB,Globant S.A.,Mid-Cap,224.46,9680000000.0,2350000000.0,169460000.0,3.84,58.46,31.69,473248.0,,,1.39,Information Technology Services,Technology,220.71,228.4,151.68,238.32
WAL,Western Alliance Bancorporation,Mid-Cap,88.75,9680000000.0,3020000000.0,774900000.0,7.09,12.52,10.11,651829.0,,,1.46,Banks - Regional,Financials,87.08,89.07,53.75,98.1
SKX,"Skechers U.S.A., Inc.",Mid-Cap,64.1,9680000000.0,8970000000.0,639470000.0,4.16,15.41,14.15,2256005.0,,,1.19,Footwear & Accessories,Consumer Discretionary,62.96,64.63,55.67,78.85
WTRG,"Essential Utilities, Inc.",Mid-Cap,35.2,9670000000.0,1960000000.0,546010000.0,1.99,17.69,16.56,910370.0,,,0.86,Utilities - Regulated Water,Utilities,35.14,36.15,33.18,41.78
KNTK,Kinetik Holdings Inc.,Mid-Cap,61.32,9660000000.0,1450000000.0,303870000.0,2.62,23.39,33.7,548529.0,,,0.9,Oil & Gas Midstream,Energy,61.22,62.12,32.96,67.6
RGLD,"Royal Gold, Inc.",Mid-Cap,146.83,9660000000.0,712770000.0,332020000.0,5.04,29.13,24.21,813327.0,,,0.91,Gold,Materials,146.65,155.64,100.55,155.64
ATR,"AptarGroup, Inc.",Mid-Cap,144.79,9630000000.0,3580000000.0,374540000.0,5.53,26.18,26.07,512842.0,,,0.59,Medical Instruments & Supplies,Healthcare,142.72,145.31,135.04,178.03
G,Genpact Limited,Mid-Cap,55.05,9620000000.0,4770000000.0,513669999.99999994,2.85,19.32,15.51,1599286.0,,,1.2,Information Technology Services,Technology,54.74,55.55,30.23,56.76
WCC,"WESCO International, Inc.",Mid-Cap,196.85,9610000000.0,21820000000.0,660200000.0,13.05,15.08,14.29,467525.0,,,2.01,Industrial Distribution,Industrials,194.79,197.33,141.02,216.17
BLD,TopBuild Corp.,Mid-Cap,326.21,9560000000.0,5300000000.0,618450000.0,19.77,16.5,14.97,157245.0,,,1.86,Engineering & Construction,Industrials,325.01,334.98,302.7,495.68
ALB,Albemarle Corporation,Mid-Cap,81.21,9550000000.0,5380000000.0,-1320000000.0,-11.2,,,2237930.0,,,1.59,Specialty Chemicals,Materials,79.59,82.39,71.97,143.19
AOS,A. O. Smith Corporation,Mid-Cap,66.22,9530000000.0,3820000000.0,533600000.0,3.63,18.24,17.51,1586947.0,,,1.16,Specialty Industrial Machinery,Industrials,65.92,67.07,64.55,92.45
FRHC,Freedom Holding Corp.,Mid-Cap,157.04,9520000000.0,1580000000.0,322560000.0,5.36,29.32,,97321.0,,,1.01,Capital Markets,Financials,156.28,161.01,64.0,164.83
REXR,"Rexford Industrial Realty, Inc.",Mid-Cap,40.34,9520000000.0,936410000.0,262870000.0,1.2,33.62,33.25,1535362.0,,,0.97,REIT - Industrial,Real Estate,40.34,41.25,36.92,53.88
HSIC,"Henry Schein, Inc.",Mid-Cap,76.0,9480000000.0,12500000000.0,314000000.0,2.42,31.35,15.56,1404406.0,,,0.91,Medical Distribution,Healthcare,75.89,77.46,63.67,82.63
CUBE,CubeSmart,Mid-Cap,41.6,9460000000.0,1070000000.0000001,401960000.0,1.78,23.37,23.74,1233766.0,,,0.88,REIT - Industrial,Real Estate,41.39,42.57,39.8,55.14
ALTR,Altair Engineering Inc.,Mid-Cap,110.85,9440000000.0,644660000.0,32850000.0,0.38,288.9,79.07,505418.0,,,1.42,Software - Application,Technology,110.63,110.9,75.71,113.12
KEP,Korea Electric Power Corporation,Mid-Cap,7.36,9440000000.0,70350000000.0,2820000000.0,4.4,3.34,1.73,318083.0,,,0.73,Utilities - Regulated Electric,Utilities,7.3,7.4,6.68,9.55
CRS,Carpenter Technology Corporation,Mid-Cap,188.44,9410000000.0,2880000000.0,268500000.0,5.3,35.56,24.89,961908.0,,,1.54,Metal Fabrication,Industrials,180.2,190.74,62.99,213.65
PRI,"Primerica, Inc.",Mid-Cap,281.18,9380000000.0,3090000000.0,468080000.0,13.69,13.4,13.52,127790.0,,,1.11,Insurance - Life,Financials,280.3,285.19,184.76,307.91
AGI,Alamos Gold Inc.,Mid-Cap,22.3,9370000000.0,1230000000.0,243800000.0,0.6,38.42,16.61,4649209.0,,,1.04,Gold,Materials,22.15,23.23,11.34,23.23
AA,Alcoa Corporation,Mid-Cap,36.24,9360000000.0,11900000000.0,56000000.0,0.26,139.38,9.37,3048156.0,,,2.43,Aluminum,Materials,36.18,37.47,24.86,47.77
WYNN,"Wynn Resorts, Limited",Mid-Cap,88.82,9360000000.0,7130000000.0,501080000.0,4.35,20.4,16.91,8891770.0,,,1.76,Resorts & Casinos,Consumer Discretionary,83.53,89.45,71.63,110.38
AGNC,AGNC Investment Corp.,Mid-Cap,10.43,9360000000.0,973000000.0,731000000.0,0.93,11.22,6.47,19534334.0,,,1.47,REIT - Mortgage,Real Estate,10.35,10.45,8.92,10.85
NIO,NIO Inc.,Mid-Cap,4.44,9330000000.0,9000000000.0,-3010000000.0,-1.52,,,53842322.0,,,1.68,Auto Manufacturers,Consumer Discretionary,4.32,4.55,3.61,7.71
RRC,Range Resources Corporation,Mid-Cap,38.67,9330000000.0,2330000000.0,476510000.0,1.98,19.5,13.3,2138579.0,,,1.78,Oil & Gas Exploration & Production,Energy,38.57,39.62,27.29,41.95
EGP,"EastGroup Properties, Inc.",Mid-Cap,179.61,9330000000.0,638530000.0,227750000.0,4.66,38.54,36.61,422976.0,,,1.02,REIT - Industrial,Real Estate,179.49,182.91,155.1,192.61
ALK,"Alaska Air Group, Inc.",Mid-Cap,75.74,9320000000.0,11740000000.0,395000000.0,3.08,24.59,12.4,2216867.0,,,1.55,Airlines,Industrials,72.25,75.75,32.62,76.45
ASTS,"AST SpaceMobile, Inc.",Mid-Cap,32.1,9300000000.0,2500000.0,-296150000.0,-2.33,,,13913158.0,,,1.62,Communication Equipment,Technology,29.37,32.47,1.97,39.08
MLI,"Mueller Industries, Inc.",Mid-Cap,81.28,9240000000.0,3770000000.0,604880000.0,5.31,15.31,14.39,880963.0,,,0.99,Metal Fabrication,Industrials,80.56,82.49,47.46,96.81
CFR,"Cullen/Frost Bankers, Inc.",Mid-Cap,143.75,9230000000.0,2000000000.0,569630000.0,8.87,16.21,16.01,564412.0,,,0.98,Banks - Regional,Financials,142.78,145.03,94.09,147.64
PNFP,"Pinnacle Financial Partners, Inc.",Mid-Cap,120.24,9200000000.0,1620000000.0,459860000.0,5.96,20.17,15.43,360359.0,,,1.09,Banks - Regional,Financials,119.73,121.4,73.62,131.91
SKWD,"Skyward Specialty Insurance Group, Inc.",Small-Cap,49.86,2000000000.0,1090000000.0,133500000.0,3.27,15.25,15.75,317839.0,,,0.82,Insurance - Property & Casualty,Financials,48.89,51.11,32.08,55.62
BKV,BKV Corporation,Small-Cap,23.66,2000000000.0,624580000.0,-47870000.0,-0.72,,63.88,149630.0,,,,Oil & Gas Exploration & Production,Energy,23.59,24.16,17.39,26.78
ULCC,"Frontier Group Holdings, Inc.",Small-Cap,8.85,1990000000.0,3780000000.0,85000000.0,0.37,23.92,9.9,3982718.0,,,2.35,Airlines,Industrials,8.36,8.88,2.79,10.26
TVTX,"Travere Therapeutics, Inc.",Small-Cap,22.91,1990000000.0,203450000.0,-351450000.0,-4.55,,,1247622.0,,,0.73,Biotechnology,Healthcare,22.82,24.14,5.12,25.29
VSEC,VSE Corporation,Small-Cap,97.28,1990000000.0,1020000000.0,13870000.0,0.82,48.48,26.74,267320.0,,,1.6,Aerospace & Defense,Industrials,91.55,97.87,67.82,123.92
ACLS,"Axcelis Technologies, Inc.",Small-Cap,61.06,1980000000.0,1020000000.0,200990000.0,6.15,9.93,26.78,554212.0,,,1.52,Semiconductor Equipment & Materials,Technology,59.78,61.98,56.32,158.61
BTE,Baytex Energy Corp.,Small-Cap,2.45,1980000000.0,2480000000.0,-259640000.0,-0.32,,30.99,30105534.0,,,2.53,Oil & Gas Exploration & Production,Energy,2.43,2.52,2.19,4.08
RUN,Sunrun Inc.,Small-Cap,8.82,1980000000.0,2040000000.0,-382630000.0,-1.73,,,7483636.0,,,2.59,Solar,Technology,8.58,9.0,7.87,22.26
EDN,Empresa Distribuidora y Comercializadora Norte Sociedad Anónima,Small-Cap,39.76,1980000000.0,972770000.0,123690000.0,0.14,15.99,,88409.0,,,0.99,Utilities - Regulated Electric,Utilities,38.72,39.94,13.78,51.69
MBIN,Merchants Bancorp,Small-Cap,43.19,1980000000.0,646450000.0,283650000.0,6.3,6.86,7.8,84913.0,,,1.16,Banks - Regional,Financials,42.6,43.23,34.16,53.27
UFPT,"UFP Technologies, Inc.",Small-Cap,257.52,1980000000.0,461850000.0,54210000.0,6.99,36.83,31.14,64954.0,,,1.04,Medical Devices,Healthcare,250.31,258.65,186.21,366.41
EVCM,EverCommerce Inc.,Small-Cap,10.75,1970000000.0,693210000.0,-52190000.0,-0.28,,18.96,63803.0,,,1.13,Software - Infrastructure,Technology,10.72,10.93,6.22,12.35
BTU,Peabody Energy Corporation,Small-Cap,16.21,1970000000.0,4240000000.0,370900000.0,2.61,6.14,12.19,3364145.0,,,0.95,Thermal Coal,Energy,16.2,17.34,15.79,29.94
PAX,Patria Investments Limited,Small-Cap,12.69,1960000000.0,374200000.0,73400000.0,0.48,26.55,8.81,608567.0,,,0.59,Asset Management,Financials,12.6,12.81,10.63,16.13
GTX,Garrett Motion Inc.,Small-Cap,9.2,1960000000.0,3580000000.0,234000000.0,1.01,9.08,7.54,554453.0,,,1.15,Auto Parts,Consumer Discretionary,9.18,9.31,7.13,10.16
TGI,"Triumph Group, Inc.",Small-Cap,25.31,1960000000.0,1240000000.0,560130000.0,7.25,148.47,27.48,893653.0,,,2.51,Aerospace & Defense,Industrials,25.27,25.34,11.01,25.41
ROOT,"Root, Inc.",Small-Cap,129.34,1950000000.0,1040000000.0,-15700000.0,-1.07,,,541111.0,,,2.59,Insurance - Property & Casualty,Financials,125.39,140.46,8.6,141.23
CNMD,CONMED Corporation,Small-Cap,63.15,1950000000.0,1310000000.0,132419999.99999999,4.25,14.86,14.56,467875.0,,,1.47,Medical Devices,Healthcare,62.46,65.5,61.05,86.96
GLP,Global Partners LP,Small-Cap,57.23,1940000000.0,17390000000.0,113120000.0,3.31,17.31,25.44,49890.0,,,1.46,Oil & Gas Midstream,Energy,57.06,58.1,37.0,59.03
CENX,Century Aluminum Company,Small-Cap,20.94,1940000000.0,2100000000.0,306100000.0,3.19,6.57,10.47,1322093.0,,,2.5,Aluminum,Materials,20.8,22.11,9.65,25.39
GDRX,"GoodRx Holdings, Inc.",Small-Cap,5.04,1940000000.0,790390000.0,-16219999.999999998,-0.05,,29.3,585306.0,,,1.29,Health Information Services,Healthcare,4.99,5.16,4.09,9.26
PSEC,Prospect Capital Corporation,Small-Cap,4.37,1930000000.0,796250000.0,-91220000.0,-0.21,,7.95,1366493.0,,,0.98,Asset Management,Financials,4.33,4.375,4.09,5.86
OPRA,Opera Limited,Small-Cap,21.86,1930000000.0,447820000.0,159530000.0,1.78,12.31,10.47,454127.0,,,0.99,Internet Content & Information,Communication Services,21.22,22.0,10.11,22.0
BBUC,Brookfield Business Corporation,Small-Cap,26.47,1930000000.0,8210000000.000001,-888000000.0,-12.17,,,36187.0,,,1.54,Asset Management,Financials,26.28,26.77,18.21,28.29
FL,"Foot Locker, Inc.",Small-Cap,20.31,1930000000.0,8119999999.999999,-426000000.0,-4.5,,11.96,2802787.0,,,1.46,Apparel Retail,Consumer Discretionary,19.87,20.35,18.04,35.6
PBI,Pitney Bowes Inc.,Small-Cap,10.59,1920000000.0,2029999999.9999998,-203600000.0,-1.12,18.91,8.86,3262478.0,,,2.01,Integrated Freight & Logistics,Industrials,10.27,10.74,3.73,10.81
BWLP,BW LPG Limited,Small-Cap,12.67,1920000000.0,3600000000.0,474900000.0,3.59,4.05,9.55,261618.0,,,0.86,Marine Shipping,Industrials,12.59,12.92,9.95,22.31
TARS,"Tarsus Pharmaceuticals, Inc.",Small-Cap,50.22,1920000000.0,129620000.0,-134340000.0,-3.7,,,276232.0,,,1.01,Biotechnology,Healthcare,50.01,52.42,20.08,57.28
OFG,OFG Bancorp,Small-Cap,41.8,1920000000.0,629440000.0,198170000.0,4.23,9.88,10.28,580362.0,,,1.02,Banks - Regional,Financials,41.69,43.64,33.19,47.66
HUT,Hut 8 Corp.,Small-Cap,20.47,1920000000.0,194020000.0,180810000.0,1.91,10.18,32.07,2146915.0,,,3.45,Capital Markets,Financials,20.27,20.88,6.77,31.95
WMK,"Weis Markets, Inc.",Small-Cap,71.17,1910000000.0,4760000000.0,95790000.0,3.56,19.99,,59354.0,,,0.51,Grocery Stores,Consumer Staples,71.16,72.82,59.58,76.62
ASTH,"Astrana Health, Inc.",Small-Cap,38.96,1910000000.0,1720000000.0,62460000.0,1.3,29.94,32.03,227764.0,,,1.21,Medical Care Facilities,Healthcare,38.95,39.82,29.08,63.2
CASH,"Pathward Financial, Inc.",Small-Cap,80.25,1910000000.0,719620000.0,170680000.0,6.88,11.66,10.56,125379.0,,,0.73,Banks - Regional,Financials,79.55,81.17,46.68,86.0
LEU,Centrus Energy Corp.,Small-Cap,113.99,1910000000.0,442000000.0,73200000.0,4.47,25.5,44.18,562147.0,,,1.18,Uranium,Energy,112.5,118.0,33.51,122.95
MNR,Mach Natural Resources LP,Small-Cap,16.12,1910000000.0,873770000.0,-35810000.0,-0.35,,6.6,523695.0,,,,Oil & Gas Exploration & Production,Energy,16.07,16.39,14.46,21.19
SEZL,Sezzle Inc.,Small-Cap,340.16,1910000000.0,221810000.0,56090000.0,9.51,35.79,30.76,186568.0,,,16.1,Credit Services,Financials,325.0,358.55,38.22,477.53
CRI,"Carter's, Inc.",Small-Cap,52.88,1910000000.0,2840000000.0,226070000.0,6.33,8.35,10.77,1093974.0,,,1.21,Apparel Retail,Consumer Discretionary,50.91,53.16,49.65,88.03
PGNY,"Progyny, Inc.",Small-Cap,22.36,1900000000.0,1140000000.0,57270000.0,0.6,37.3,13.93,918667.0,,,1.35,Health Information Services,Healthcare,21.92,22.55,13.39,42.08
AGIO,"Agios Pharmaceuticals, Inc.",Small-Cap,33.22,1900000000.0,36500000.0,673730000.0,11.64,2.85,,667366.0,,,0.88,Biotechnology,Healthcare,32.86,34.68,26.02,62.58
STC,Stewart Information Services Corporation,Small-Cap,68.54,1900000000.0,2490000000.0,73310000.0,2.61,26.3,14.63,114956.0,,,1.25,Insurance - Property & Casualty,Financials,67.63,69.15,58.23,78.44
SIMO,Silicon Motion Technology Corporation,Small-Cap,56.47,1900000000.0,803550000.0,90720000.0,2.68,21.07,16.01,334169.0,,,0.78,Semiconductors,Technology,54.94,56.94,48.81,85.87
HIMX,"Himax Technologies, Inc.",Small-Cap,10.88,1900000000.0,906800000.0,79760000.0,0.91,11.93,18.76,6203081.0,,,2.04,Semiconductors,Technology,10.22,11.14,4.8,13.91
DFIN,"Donnelley Financial Solutions, Inc.",Small-Cap,65.85,1900000000.0,802100000.0,96700000.0,3.18,20.69,16.87,153361.0,,,1.36,Software - Application,Technology,65.72,67.18,56.02,71.01
SBLK,Star Bulk Carriers Corp.,Small-Cap,16.1,1900000000.0,1220000000.0,301920000.0,2.98,5.4,9.42,2494972.0,,,0.96,Marine Shipping,Industrials,15.9,16.25,14.3,27.47
DBRG,"DigitalBridge Group, Inc.",Small-Cap,10.18,1900000000.0,876650000.0,129900000.0,0.76,9.92,,1415546.0,,,1.94,Asset Management,Financials,10.15,10.49,10.15,20.5
SAND,Sandstorm Gold Ltd.,Small-Cap,6.37,1890000000.0,173380000.0,35470000.0,0.12,53.4,40.8,6034818.0,,,1.13,Gold,Materials,6.37,6.67,3.99,6.67
SEI,"Solaris Energy Infrastructure, Inc.",Small-Cap,28.16,1890000000.0,280140000.0,12930000.0,0.43,65.31,38.84,496888.0,,,1.36,Oil & Gas Equipment & Services,Energy,27.18,28.36,7.49,36.52
HG,"Hamilton Insurance Group, Ltd.",Small-Cap,18.63,1890000000.0,2270000000.0,493370000.0,4.48,4.15,5.56,413662.0,,,,Insurance - Reinsurance,Financials,18.56,19.04,12.44,20.71
TRMD,TORM plc,Small-Cap,19.2,1890000000.0,1640000000.0,719370000.0,7.7,2.62,6.06,1168399.0,,,-0.06,Oil & Gas Midstream,Energy,19.11,20.05,17.77,40.47
LZB,La-Z-Boy Incorporated,Small-Cap,45.46,1890000000.0,2069999999.9999998,124140000.0,2.9,15.66,14.21,639120.0,,,1.36,"Furnishings, Fixtures & Appliances",Consumer Discretionary,45.29,46.61,32.0,48.31
PBFS,"Pioneer Bancorp, Inc.",Micro-Cap,11.87,299700000.0,79730000.0,18250000.0,0.73,16.33,,26762.0,,,0.49,Banks - Regional,Financials,11.87,12.03,8.76,12.03
MTA,Metalla Royalty & Streaming Ltd.,Micro-Cap,3.22,299530000.0,5050000.0,-6260000.0,-0.07,,,284517.0,,,1.48,Other Precious Metals & Mining,Materials,3.22,3.37,2.32,4.08
ALDF,Aldel Financial II Inc.,Micro-Cap,10.15,298680000.0,,3770000.0,,79.28,,2620.0,,,,Shell Companies,Financials,10.15,10.15,9.98,11.46
UROY,Uranium Royalty Corp.,Micro-Cap,2.215,297960000.0,27480000.0,3410000.0,0.03,87.49,,2069219.0,,,1.69,Uranium,Energy,2.21,2.355,1.86,3.12
FSTR,L.B. Foster Company,Micro-Cap,27.5,297830000.0,537460000.0,42760000.0,3.85,7.14,18.71,18046.0,,,0.96,Railroads,Industrials,27.42,28.26,14.23,30.77
POLE,Andretti Acquisition Corp. II,Micro-Cap,10.15,297170000.0,,,,,,4034.0,,,,Shell Companies,Financials,10.14,10.15,9.94,11.05
CRNT,Ceragon Networks Ltd.,Micro-Cap,3.46,297110000.0,394190000.0,24060000.0,0.27,12.81,11.16,1998714.0,,,1.6,Communication Equipment,Technology,3.4,3.52,2.33,5.73
EM,Smart Share Global Limited,Micro-Cap,1.15,296920000.0,269750000.0,8430000.0,0.03,35.33,17.4,413009.0,,,0.69,Personal Services,Consumer Discretionary,1.14,1.16,0.47,1.18
GOSS,"Gossamer Bio, Inc.",Micro-Cap,1.31,296850000.0,105320000.0,-71650000.0,-0.32,,,2101525.0,,,1.81,Biotechnology,Healthcare,1.24,1.37,0.499,1.6
VCIC,Vine Hill Capital Investment Corp.,Micro-Cap,10.38,296560000.0,,,,,,4579.0,,,,Shell Companies,Financials,10.3,10.38,9.96,10.99
JACS,Jackson Acquisition Company II,Micro-Cap,10.01,296200000.0,,,,,,171625.0,,,,Shell Companies,Financials,10.01,10.02,9.94,10.41
OTLY,Oatly Group AB,Micro-Cap,0.495,295500000.0,823670000.0,-201950000.0,-0.34,,,4163408.0,,,1.96,Packaged Foods,Consumer Staples,0.495,0.545,0.3,1.34
BLDE,"Blade Air Mobility, Inc.",Micro-Cap,3.75,293680000.0,241810000.0,-51460000.0,-0.68,,,482022.0,,,1.14,Airports & Air Services,Industrials,3.63,3.81,2.45,5.17
MVIS,"MicroVision, Inc.",Micro-Cap,1.34,293480000.0,8150000.0,-85500000.0,-0.42,,,3196067.0,,,2.86,Scientific & Technical Instruments,Technology,1.312,1.43,0.8,2.7
EAF,GrafTech International Ltd.,Micro-Cap,1.14,293280000.0,538780000.0,-131169999.99999999,-0.51,,,4683560.0,,,0.98,Electrical Equipment & Parts,Industrials,1.12,1.34,0.52,2.53
OSUR,"OraSure Technologies, Inc.",Micro-Cap,3.93,293160000.0,224260000.0,11370000.0,0.15,26.02,66.6,342659.0,,,0.05,Medical Instruments & Supplies,Healthcare,3.855,3.95,3.52,8.04
PCYO,Pure Cycle Corporation,Micro-Cap,12.15,292530000.0,29110000.0,13490000.0,0.55,22.09,,49378.0,,,1.02,Utilities - Regulated Water,Utilities,11.85,12.25,8.94,14.63
NMG,Nouveau Monde Graphite Inc.,Micro-Cap,1.93,292310000.0,,-50300000.0,-0.56,,,104156.0,,,1.64,Other Industrial Metals & Mining,Materials,1.89,2.07,1.22,3.04
PAL,"Proficient Auto Logistics, Inc.",Micro-Cap,10.8,291920000.0,147410000.0,-5890000.0,-0.43,,34.29,226766.0,,,,Integrated Freight & Logistics,Industrials,10.75,11.25,7.24,21.01
COFS,"ChoiceOne Financial Services, Inc.",Micro-Cap,32.53,291650000.0,91810000.0,26730000.0,3.25,10.01,9.36,56449.0,,,0.65,Banks - Regional,Financials,32.36,33.28,21.52,38.15
GRAF,Graf Global Corp.,Micro-Cap,10.14,291530000.0,,2780000.0,0.25,40.88,,4145.0,,,,Shell Companies,Financials,10.14,10.15,9.03,11.02
ZBIO,"Zenas BioPharma, Inc.",Micro-Cap,6.97,291280000.0,,-128970000.0,-41.59,,,114886.0,,,,Biotechnology,Healthcare,6.88,7.25,5.83,26.25
LPAA,Launch One Acquisition Corp.,Micro-Cap,10.13,291240000.0,,,,,,661.0,,,,Shell Companies,Financials,10.13,10.14,9.66,10.14
SFST,"Southern First Bancshares, Inc.",Micro-Cap,35.68,291140000.0,93240000.0,15530000.0,1.91,18.68,12.35,10847.0,,,0.84,Banks - Regional,Financials,35.68,36.51,24.98,45.91
INSE,"Inspired Entertainment, Inc.",Micro-Cap,10.95,291030000.0,297900000.0,-300.0,-0.01,,14.82,117721.0,,,1.4,Gambling,Consumer Discretionary,10.88,11.23,7.51,11.23
FLYX,"flyExclusive, Inc.",Micro-Cap,3.72,290640000.0,311870000.0,-43120000.0,-2.37,,,197120.0,,,0.11,Airlines,Industrials,2.73,4.38,1.79,24.21
GSRT,GSR III Acquisition Corp.,Micro-Cap,10.19,290560000.0,,-127.59,-0.02,,,211.0,,,,Shell Companies,Financials,10.19,10.19,9.97,10.2
TRUE,"TrueCar, Inc.",Micro-Cap,3.34,290440000.0,170680000.0,-27100000.0,-0.3,,,201590.0,,,1.75,Internet Content & Information,Communication Services,3.315,3.4,2.56,4.62
HOND,HCM II Acquisition Corp.,Micro-Cap,10.2,290400000.0,,,,,,1300.0,,,,Shell Companies,Financials,10.2,10.2,9.97,11.57
IRBT,iRobot Corporation,Micro-Cap,9.49,290000000.0,817360000.0,-132000000.0,-4.57,,,2618439.0,,,0.8,"Furnishings, Fixtures & Appliances",Consumer Discretionary,9.21,10.1,5.83,14.51
GHG,GreenTree Hospitality Group Ltd.,Micro-Cap,2.85,289400000.0,201170000.0,28260000.0,0.28,10.25,,18143.0,,,0.47,Lodging,Consumer Discretionary,2.669,2.867,2.31,3.48
PCB,PCB Bancorp,Micro-Cap,20.15,289390000.0,96310000.0,24980000.0,1.74,11.58,9.89,8274.0,,,0.68,Banks - Regional,Financials,20.06,20.44,14.5,22.2
LESL,"Leslie's, Inc.",Micro-Cap,1.56,288950000.0,1330000000.0,-28390000.0,-0.16,,40.41,6512895.0,,,1.1,Specialty Retail,Consumer Discretionary,1.56,1.66,1.56,8.05
LPBB,Launch Two Acquisition Corp.,Micro-Cap,10.12,288080000.0,,,,,,2912.0,,,,Shell Companies,Financials,10.05,10.12,9.97,10.34
VLN,Valens Semiconductor Ltd.,Micro-Cap,2.71,288040000.0,63130000.0,-26480000.0,-0.25,,,1417510.0,,,0.32,Semiconductors,Technology,2.52,3.0,1.67,3.5
ONTF,"ON24, Inc.",Micro-Cap,6.91,287810000.0,150740000.0,-43160000.0,-1.04,,91.28,50023.0,,,0.53,Software - Application,Technology,6.91,7.0,5.37,8.3
NEN,New England Realty Associates Limited Partnership,Micro-Cap,82.0,287110000.0,81170000.0,13750000.0,3.91,20.99,,,,,0.34,Real Estate Services,Real Estate,82.0,82.0,67.5,84.0
SMRT,"SmartRent, Inc.",Micro-Cap,1.49,286930000.0,199770000.0,-25520000.0,-0.13,,,647722.0,,,1.9,Software - Application,Technology,1.49,1.54,1.17,3.05
FNLC,"The First Bancorp, Inc.",Micro-Cap,25.72,286920000.0,79740000.0,27050000.0,2.43,10.58,,13478.0,,,0.56,Banks - Regional,Financials,25.59,26.0,21.77,31.05
AVR,Anteris Technologies Global Corp.,Micro-Cap,7.99,286370000.0,2830000.0,-71770000.0,-3.87,,,99914.0,,,,Medical Devices,Healthcare,7.45,7.99,5.1,8.51
ATYR,"aTyr Pharma, Inc.",Micro-Cap,3.41,286240000.0,235.0,-63820000.0,-0.93,,,1048807.0,,,1.11,Biotechnology,Healthcare,3.38,3.65,1.42,4.225
DC,Dakota Gold Corp.,Micro-Cap,3.03,286120000.0,,-36660000.0,-0.41,,,315541.0,,,1.1,Gold,Materials,3.02,3.27,1.84,3.35
CRDF,"Cardiff Oncology, Inc.",Micro-Cap,4.29,285390000.0,688.0,-43010000.0,-0.95,,,467104.0,,,1.76,Biotechnology,Healthcare,4.135,4.29,1.65,6.42
SPIR,"Spire Global, Inc.",Micro-Cap,11.72,285000000.0,107220000.0,-71540000.0,-3.49,,,1137019.0,,,2.28,Specialty Business Services,Industrials,11.47,12.56,6.26,21.43
ILLR,Triller Group Inc.,Micro-Cap,1.75,284970000.0,45240000.0,-271430000.0,-2.96,,,451149.0,,,,Software - Application,Technology,1.68,1.79,0.661,8.86
INBK,First Internet Bancorp,Micro-Cap,32.85,284740000.0,117650000.0,25280000.0,2.88,11.41,8.0,11254.0,,,0.74,Banks - Regional,Financials,32.68,33.5,24.18,43.26
AARD,"Aardvark Therapeutics, Inc.",Micro-Cap,13.3,284410000.0,,-13850000.0,-3.49,,,182655.0,,,,Biotechnology,Healthcare,12.91,14.43,11.55,15.18
ALLT,Allot Ltd.,Micro-Cap,7.45,283740000.0,91630000.0,-24460000.0,-0.64,,248.33,564070.0,,,1.06,Software - Infrastructure,Technology,7.3,7.64,1.73,9.44
LXRX,"Lexicon Pharmaceuticals, Inc.",Micro-Cap,0.785,283740000.0,5230000.0,-216390000.0,-0.74,,,2548526.0,,,1.05,Biotechnology,Healthcare,0.75,0.827,0.62,3.26
ALMS,Alumis Inc.,Micro-Cap,5.21,283460000.0,,-238770000.0,-15.6,,,113914.0,,,,Biotechnology,Healthcare,4.99,5.33,4.74,13.53
NUKK,Nukkleus Inc.,Nano-Cap,17.24,82590000.0,10750000.0,-27250000.0,-17.8,,,132352.0,,,-6.59,Software - Application,Technology,17.22,19.9,1.3,78.32
NINE,"Nine Energy Service, Inc.",Nano-Cap,1.18,49990000.0,556750000.0,-42540000.0,-1.2,,,493696.0,,,3.5,Oil & Gas Equipment & Services,Energy,1.16,1.24,0.751,3.26
UG,"United-Guardian, Inc.",Nano-Cap,10.88,49990000.0,12310000.0,3480000.0,0.76,14.34,,7771.0,,,0.74,Household & Personal Products,Consumer Staples,10.34,10.88,7.02,16.25
BOLD,"Boundless Bio, Inc.",Nano-Cap,2.24,49950000.0,,-61060000.0,-5.21,,,41806.0,,,,Biotechnology,Healthcare,2.24,2.44,2.13,15.24
ATRA,"Atara Biotherapeutics, Inc.",Nano-Cap,8.59,49480000.0,100440000.0,-133160000.0,-22.6,,,57506.0,,,0.46,Biotechnology,Healthcare,8.29,8.98,5.4,23.45
MSW,Ming Shing Group Holdings Limited,Nano-Cap,3.81,49430000.0,27570000.0,2330000.0,0.21,18.42,,133813.0,,,,Engineering & Construction,Industrials,3.49,3.97,2.12,10.58
ALVR,"AlloVir, Inc.",Nano-Cap,9.9,49260000.0,,-100200000.0,-20.07,,,1801.0,,,0.64,Biotechnology,Healthcare,9.87,9.96,7.96,24.15
MOBX,"Mobix Labs, Inc.",Nano-Cap,1.325,49020000.0,9330000.0,-41470000.0,-1.27,,,256217.0,,,-0.33,Semiconductors,Technology,1.27,1.34,0.551,3.62
PODC,"PodcastOne, Inc.",Nano-Cap,1.97,48950000.0,49730000.0,-5670000.0,-0.24,,,31375.0,,,,Internet Content & Information,Communication Services,1.96,2.04,1.1,2.847
MAIA,"MAIA Biotechnology, Inc.",Nano-Cap,1.87,48920000.0,,-25940000.0,-1.31,,,67386.0,,,0.22,Biotechnology,Healthcare,1.83,1.91,1.24,5.99
RGC,Regencell Bioscience Holdings Limited,Nano-Cap,3.75,48800000.0,,-4300000.0,-0.33,,,6168.0,,,-0.59,Drug Manufacturers - Specialty & Generic,Healthcare,3.549,3.85,3.03,32.44
SSBI,Summit State Bank,Nano-Cap,7.18,48640000.0,25780000.0,-3660000.0,-0.54,,,12242.0,,,0.65,Banks - Regional,Financials,7.06,7.41,5.68,11.63
UCL,uCloudlink Group Inc.,Nano-Cap,1.29,48360000.0,87410000.0,4230000.0,0.11,11.45,12.43,25502.0,,,4.12,Telecom Services,Communication Services,1.26,1.3,0.97,3.3
OM,"Outset Medical, Inc.",Nano-Cap,0.899,48270000.0,114730000.0,-140940000.0,-2.75,,,2687582.0,,,2.01,Medical Devices,Healthcare,0.8,0.97,0.435,5.22
REFR,Research Frontiers Incorporated,Nano-Cap,1.44,48270000.0,1470000.0,-1180000.0,-0.04,,,23550.0,,,0.27,Electronic Components,Technology,1.42,1.61,0.93,2.41
CELU,Celularity Inc.,Nano-Cap,2.14,48120000.0,48200000.0,-35050000.0,-1.66,,,90095.0,,,0.63,Biotechnology,Healthcare,2.06,2.15,1.3,7.97
AREC,American Resources Corporation,Nano-Cap,0.62,48010000.0,399.962,-19410000.0,-0.25,,,249022.0,,,0.22,Coking Coal,Materials,0.62,0.66,0.41,1.78
SYPR,"Sypris Solutions, Inc.",Nano-Cap,2.084,47980000.0,141470000.0,-2890000.0,-0.13,,,19650.0,,,1.07,Auto Parts,Consumer Discretionary,2.031,2.109,1.27,3.72
SER,"Serina Therapeutics, Inc.",Nano-Cap,5.09,47810000.0,3160000.0,-7350000.0,-1.28,,,63357.0,,,,Biotechnology,Healthcare,4.6,5.64,3.81,19.93
GWH,"ESS Tech, Inc.",Nano-Cap,4.01,47650000.0,6240000.0,-78870000.0,-6.75,,,328816.0,,,1.31,Electrical Equipment & Parts,Industrials,4.0,5.54,4.0,15.15
OSTX,OS Therapies Incorporated,Nano-Cap,2.23,47360000.0,,-7420000.0,-0.76,,,38540737.0,,,,Biotechnology,Healthcare,2.16,2.98,1.58,7.0
BEDU,Bright Scholar Education Holdings Limited,Nano-Cap,1.59,47260000.0,243540000.0,-137240000.0,-4.63,,,234.0,,,0.41,Education & Training Services,Consumer Staples,1.59,1.59,1.35,3.23
FBIO,"Fortress Biotech, Inc.",Nano-Cap,1.71,47200000.0,81500000.0,-57530000.0,-3.39,,,178977.0,,,1.65,Biotechnology,Healthcare,1.7,1.77,1.36,2.89
CFSB,"CFSB Bancorp, Inc.",Nano-Cap,7.53,47130000.0,7460000.0,-48.0,-0.01,,,6515.0,,,0.1,Banks - Regional,Financials,7.23,7.53,6.34,8.28
SPRU,Spruce Power Holding Corporation,Nano-Cap,2.53,47060000.0,77580000.0,-94750000.0,-5.08,,,34368.0,,,1.14,Solar,Technology,2.485,2.63,2.17,4.89
BDL,"Flanigan's Enterprises, Inc.",Nano-Cap,25.28,46990000.0,193230000.0,3300000.0,1.78,14.21,,15.0,,,0.68,Restaurants,Consumer Discretionary,25.28,25.28,23.94,29.72
FSEA,"First Seacoast Bancorp, Inc.",Nano-Cap,10.64,46920000.0,11390000.0,-8770000.0,-1.95,,,2662.0,,,0.37,Banks - Regional,Financials,10.5,10.68,8.05,11.3
LSB,"LakeShore Biopharma Co., Ltd",Nano-Cap,2.45,46750000.0,79420000.0,-60030000.0,-5.61,,,3890.0,,,0.68,Biotechnology,Healthcare,2.25,2.45,1.88,11.2
JRSH,"Jerash Holdings (US), Inc.",Nano-Cap,3.79,46600000.0,138140000.0,-3780000.0,-0.31,,12.63,36616.0,,,0.84,Apparel Manufacturing,Consumer Discretionary,3.634,3.81,2.68,4.17
PVL,Permianville Royalty Trust,Nano-Cap,1.41,46530000.0,3140000.0,6690000.0,0.2,6.96,,91353.0,,,0.91,Oil & Gas Exploration & Production,Energy,1.39,1.44,1.03,1.96
TCBS,"Texas Community Bancshares, Inc.",Nano-Cap,15.99,46460000.0,9860000.0,-2150000.0,-0.73,,,2442.0,,,0.0,Banks - Regional,Financials,15.6,15.99,13.11,16.49
WCT,Wellchange Holdings Company Limited,Nano-Cap,2.18,46360000.0,2370000.0,923.188,0.05,47.23,,9759389.0,,,,Software - Application,Technology,2.046,2.4,0.94,9.36
MGLD,"The Marygold Companies, Inc.",Nano-Cap,1.1,46360000.0,32060000.000000004,-5580000.0,-0.14,,,141866.0,,,0.71,Asset Management,Financials,1.01,1.155,0.82,2.1
ANGH,Anghami Inc.,Nano-Cap,0.69,46110000.0,52270000.0,-31530000.0,-0.84,,,13857.0,,,1.42,Entertainment,Communication Services,0.665,0.718,0.62,2.27
BODI,"The Beachbody Company, Inc.",Nano-Cap,6.65,46040000.0,451430000.0,-102120000.0,-15.29,,,2410.0,,,1.18,Internet Content & Information,Communication Services,6.65,6.93,5.14,11.31
FORL,Four Leaf Acquisition Corporation,Nano-Cap,11.26,45920000.0,,574.872,0.1,118.35,,529.0,,,,Shell Companies,Financials,11.25,11.26,10.61,11.29
DWSN,Dawson Geophysical Company,Nano-Cap,1.48,45860000.0,82780000.0,-5420000.0,-0.18,,,6606.0,,,0.74,Oil & Gas Equipment & Services,Energy,1.4,1.48,1.14,2.22
IZEA,"IZEA Worldwide, Inc.",Nano-Cap,2.7,45810000.0,33770000.0,-15760000.0,-0.9,,,25224.0,,,1.61,Internet Content & Information,Communication Services,2.5,2.73,1.83,3.6
NKLA,Nikola Corporation,Nano-Cap,0.542,45740000.0,75530000.0,-634770000.0,-14.25,,,14861447.0,,,1.96,Farm & Heavy Construction Machinery,Industrials,0.539,0.64,0.43,34.5
OVID,Ovid Therapeutics Inc.,Nano-Cap,0.644,45720000.0,631.695,-32500000.0,-0.46,,,280639.0,,,0.3,Biotechnology,Healthcare,0.632,0.655,0.571,3.85
GTI,Graphjet Technology,Nano-Cap,0.31,45710000.0,,-15070000.0,-0.34,,,784960.0,,,0.03,Other Industrial Metals & Mining,Materials,0.3,0.32,0.185,14.0
SWVL,Swvl Holdings Corp.,Nano-Cap,4.95,45510000.0,19800000.0,-4710000.0,-0.61,,,5995.0,,,0.61,Software - Application,Technology,4.95,5.14,2.55,21.94
TORO,Toro Corp.,Nano-Cap,2.66,45470000.0,80630000.0,43570000.0,0.99,0.94,,19078.0,,,,Marine Shipping,Industrials,2.64,2.8,2.25,6.45
ZEPP,Zepp Health Corporation,Nano-Cap,3.03,45430000.0,208950000.0,-39360000.0,-2.5,,,12257.0,,,0.68,Consumer Electronics,Technology,2.89,3.04,2.06,5.26
GBIO,Generation Bio Co.,Nano-Cap,0.68,45420000.0,18580000.0,-145470000.0,-2.19,,,315027.0,,,2.69,Biotechnology,Healthcare,0.661,0.73,0.603,4.65
ZBAO,Zhibao Technology Inc.,Nano-Cap,1.43,45080000.0,25270000.0,1820000.0,0.06,23.81,,14449.0,,,,Insurance Brokers,Financials,1.3,1.48,1.21,5.7
MESA,"Mesa Air Group, Inc.",Nano-Cap,1.09,45030000.0,475520000.0,-94440000.0,-2.3,,,508291.0,,,3.09,Airlines,Industrials,1.02,1.16,0.75,1.89
ICCC,ImmuCell Corporation,Nano-Cap,5.05,45000000.0,23840000.0,-3810000.0,-0.49,,,5659.0,,,0.55,Biotechnology,Healthcare,4.95,5.13,3.34,5.82
ICMB,"Investcorp Credit Management BDC, Inc.",Nano-Cap,3.115,44880000.0,24830000.0,4200000.0,0.29,10.68,7.08,27401.0,,,1.74,Asset Management,Financials,3.1,3.14,2.91,3.673
TACT,TransAct Technologies Incorporated,Nano-Cap,4.48,44850000.0,46420000.0,-1970000.0,-0.2,,,2066.0,,,1.73,Computer Hardware,Technology,4.415,4.48,3.32,7.38
